Word,Count
making,27
public,9
statement,30
tomorrow,24
discuss,2
country,125
victory,13
impeachment,183
hoax,80
the,84
want,94
run,13
can,40
caucus,3
brad,4
complete,25
disaster,13
bring,10
mike,24
asap,1
thank,211
great,444
job,80
triumphant,1
evening,11
nice,18
wonderful,28
state,60
union,5
speech,7
honor,13
done,103
it,134
qefydg9jz0,1
approval,31
rating,26
republican,119
party,105
record,45
big,147
win,69
overall,3
new,133
high,40
economy,52
major,20
would,110
higher,4
without,16
phony,24
witch,78
market,32
today,71
good,99
economic,12
news,143
democrat,88
really,51
up,20
not,16
re,24
election,52
vote,80
history,75
far,45
beating,1
president,267
previous,3
lot,17
also,57
plus,14
start,18
blaming,3
russia,15
instead,5
incompetence,1
voting,13
fault,2
nothing,198
long,30
stay,12
is,33
important,36
tradition,1
unmitigated,1
works,6
like,95
ran,2
remember,20
billion,24
dollar,16
website,1
cost,9
that,60
person,16
claim,6
last,52
night,47
trump,149
us,55
tonight,25
you,101
many,108
people,174
know,46
guy,21
fantastic,20
political,26
talent,3
rush,8
nobody,11
him,21
looking,35
speedy,1
recovery,3
friend,11
where,16
second,28
informer,5
corrupt,68
politician,22
make,57
conversation,33
house,107
much,75
more,29
keep,34
again,42
go,64
trade,46
china,72
canada,8
japan,4
south,12
times,32
coming,16
waiting,3
all,42
else,22
could,24
off,5
hope,20
realize,2
totally,48
partisan,18
read,62
listen,6
foreign,18
minister,18
said,77
no,20
pressure,24
ever,65
satisfy,1
radical,58
left,69
sanders,6
they,34
going,98
this,65
company,5
city,9
game,19
comeback,3
immense,1
true,40
restore,3
least,13
among,2
together,24
let,35
text,3
super,1
bowl,1
ad,1
enjoy,14
interview,16
foxnetworks,1
get,114
primary,4
debate,5
stage,4
right,29
stand,11
lift,3
sometimes,2
fair,14
watching,17
nowhere,4
wasting,4
money,29
getting,41
rig,3
crazy,33
something,18
corybooker,1
part,13
fake,130
working,46
fact,36
covering,1
too,1
boring,2
do,24
media,69
don,98
justice,18
pushing,5
destabilize,2
better,28
senate,55
taking,17
correct,14
thanks,16
invaluable,1
help,33
chuck,23
wall,39
moving,6
along,18
strong,49
tall,1
quickly,17
happy,21
birthday,5
man,20
little,13
exercise,2
morning,14
poll,26
highest,11
since,21
despite,27
constant,1
rallies,1
which,10
never,153
see,74
show,25
earth,6
fun,1
winning,18
number,28
one,101
shown,1
cover,4
fairly,4
objectively,1
matter,9
give,26
end,37
satisfied,2
gave,11
chanting,1
fairness,9
put,26
unfair,16
hunt,75
congress,54
zero,35
case,52
scamming,1
incredible,20
final,5
argument,1
away,24
shifty,39
terrible,21
fighting,30
time,105
best,47
yet,24
come,41
across,9
spectrum,1
disgusted,2
hoaxes,1
con,12
registered,3
leaving,11
welcoming,2
wide,3
open,14
arms,5
spent,6
trying,35
overturn,2
sure,12
face,6
another,49
crushing,4
defeat,5
next,24
back,50
hold,5
white,29
safe,13
fully,15
rebuilt,4
military,57
powerful,8
lethal,2
before,25
courage,4
caliphate,4
founder,1
leader,23
animal,2
known,8
al,8
dead,6
socialist,1
historic,10
landslide,1
love,24
landed,4
rally,28
closely,6
outbreak,1
michigan,5
now,35
visit,3
heading,13
biggest,17
deal,62
made,59
yesterday,22
barely,4
thought,16
credibility,13
car,7
building,14
expanding,1
here,17
two,51
age,4
congressman,27
protect,28
amendment,26
crime,48
border,48
total,39
endorsement,22
babin4congress,1
supporter,8
agenda,14
southern,11
briefing,4
secretary,9
defense,11
mark,15
blasted,1
homeless,12
district,11
shape,5
pol,3
opinion,5
mentally,2
deranged,3
received,4
continue,17
monitor,5
ongoing,7
anywhere,7
world,37
top,11
nancy,67
take,29
authority,2
use,13
defend,5
commander,2
harder,12
to,14
example,2
over,9
first,46
disastrous,3
outsourcing,1
truly,10
reciprocal,1
wealth,1
growth,7
pro,27
worker,5
unemployment,9
level,9
million,6
cutting,4
edge,2
art,1
agreement,6
kept,4
massive,20
auto,8
evidence,17
transcript,41
itself,5
talk,18
certain,8
business,8
care,14
sorry,7
happen,20
war,10
resolution,5
5000,1
down,17
everyone,18
heart,4
harris,1
trial,21
already,28
given,11
none,3
play,4
ambassador,10
ago,13
anything,31
non,2
saying,14
sir,2
mistakenly,2
libyan,1
model,1
and,32
complain,1
nonsense,2
publicly,2
information,21
produced,5
enough,8
them,23
always,28
scream,1
inherit,1
generations,1
fought,4
secure,4
then,4
must,50
devote,2
everything,34
toward,5
way,60
save,6
drain,7
swamp,10
late,8
term,6
abortion,4
socialism,5
blatant,5
corruption,20
family,21
dream,6
jersey,3
amazing,19
i,62
three,17
by,2
considering,5
هذا,1
قد,1
عليه,1
فلسطين,1
بعاصمة,1
أجزاء,1
القدس,1
תמיד,1
לצד,1
ישראל,1
היהודי,1
תומך,1
בבטיחותם,1
ובזכותם,1
במולדתם,1
הגיע,1
לשלום,1
fed,19
smart,12
lower,12
rate,12
interest,19
competitive,3
pay,13
even,108
though,15
are,8
standard,3
focus,8
paying,7
refinancing,1
debt,2
almost,19
inflation,7
say,38
yes,7
pathetic,8
politically,4
loading,1
van,5
name,12
senator,14
forever,2
fox,11
low,14
lemon,1
television,5
with,6
charlie,1
knew,19
brilliant,5
roger,5
christine,1
full,10
2polkxq8ke,1
international,2
holocaust,1
remembrance,1
day,54
millions,24
precious,1
perished,1
result,6
horrific,3
perpetrated,2
hearing,18
close,18
communication,1
concerning,4
virus,1
strongly,13
watch,15
xi,7
necessary,4
extraordinary,4
release,14
report,31
tampering,1
exoneration,1
link,2
adamant,1
testify,20
told,10
aid,11
tied,3
termination,1
bolton,4
sell,3
book,43
bryant,2
basketball,2
life,8
passion,2
future,12
loss,3
beautiful,12
daughter,3
moment,2
devastating,2
helicopter,1
crash,4
wrong,74
majority,8
federal,37
supreme,14
court,28
employment,4
nimble,1
join,7
be,6
meet,16
press,9
softball,3
calling,8
fraudulent,13
exposed,8
fraud,21
anyone,10
sleepyeyes,1
goodwin,2
york,36
post,19
editorial,2
street,7
journal,5
shall,2
king,4
bottom,2
line,5
becomes,2
vassal,1
reason,20
repudiate,1
abuse,5
power,16
question,9
create,6
idea,13
smoke,1
think,44
there,33
fire,8
collusion,10
sense,4
of,9
days,14
dismantled,1
lightweight,5
thinker,1
clue,7
huge,5
damage,3
follower,1
he,25
fired,3
rep,13
jordan,2
knockout,1
blow,3
reputation,3
probably,5
sick,6
price,6
interference,2
seen,22
absolutely,16
illegally,5
phone,37
call,91
امور,1
گوید,1
خواستار,1
متحده,2
اما,2
خواهد,2
تحریم,2
برداشته,1
negotiate,3
united,78
removed,4
quote,1
inhofe,1
chairman,11
armed,4
committee,5
ask,9
unless,4
real,24
motivation,1
busy,3
we,28
look,31
issue,3
men,6
nick,3
minded,2
able,15
unfairly,6
indeed,2
everybody,9
cheatin,1
nervous,12
dumb,2
rock,3
entire,14
social,2
stuff,7
unpardonable,1
beat,8
touch,1
policy,10
domestic,1
welcome,2
nation,18
strengthen,1
local,8
deliver,6
excellent,6
affordable,1
consultation,1
designers,1
present,8
space,10
force,18
sixth,1
branch,2
magnificent,2
hard,51
contain,1
coronavirus,1
greatly,3
efforts,1
transparency,8
work,41
well,40
particular,2
behalf,2
repeating,1
old,7
thing,32
ought,2
omar,3
angry,9
191,1
blame,5
me,44
will,6
interfering,2
behind,4
scam,50
attack,18
often,2
answer,5
but,8
choice,11
constitutional,7
responsibility,1
joe,35
candidate,12
unbelievably,1
endure,2
hour,4
deception,4
crew,2
forced,8
death,4
valley,1
hakes,1
former,17
prosecutor,7
significant,3
debunked,1
dossier,3
carter,2
page,4
agent,4
got,67
explain,6
half,2
from,1
invest,2
attorney,10
denouncing,1
march,3
actually,27
later,5
qnbbiakfbk,1
exciting,3
fan,1
soon,24
lead,7
allow,12
sleepy,19
stumble,1
finish,2
destroy,9
security,18
alone,3
promised,1
came,12
interesting,7
race,16
match,3
electricity,1
conceded,1
forward,23
prime,10
blue,1
week,12
details,1
timing,1
peace,7
plan,5
purely,1
speculative,1
witness,16
lawyer,16
who,9
so,30
problem,12
undermining,1
peek,1
poker,1
foolhardy,1
unsuspecting,1
when,8
spend,6
helping,10
whoever,5
nominee,4
won,14
hit,28
whose,3
presentation,2
loaded,3
misrepresentations,1
refusing,1
administration,33
withheld,2
pakistan,1
egypt,3
demand,6
produce,3
sought,3
for,7
chance,6
pretended,2
congressional,10
fiction,4
theory,2
filling,2
presumptions,1
weak,9
self,2
indulgent,1
goods,2
heatherchilders,1
urging,3
reject,1
legal,6
factual,2
dangerous,9
historical,1
precedent,1
unsuccessful,1
effort,8
impeach,24
integrity,1
charles,2
asst,1
side,11
telling,4
truth,6
immediately,10
sent,4
crowd,7
maria,3
giant,10
closer,3
ways,5
terrific,2
successful,12
trip,3
mop,1
mess,7
admitted,5
went,12
quid,16
quo,17
nomination,2
loser,2
story,40
overwhelming,2
need,28
eastern,2
forum,3
switzerland,2
progress,7
tremendous,23
wow,24
stupid,5
except,8
comes,4
talking,11
generation,1
direct,2
serbia,1
representative,3
randy,2
weber,1
beginning,18
illegal,19
immigration,9
reprwilliams,1
tough,19
davos,1
additional,2
universe,1
fix,5
harm,2
unprotected,1
bit,4
exactly,9
sworn,3
office,14
appropriate,8
jr,1
poverty,1
youth,2
add,8
stone,3
cold,2
every,20
lie,10
fraudulently,8
worked,16
supposed,5
commonwealth,4
check,8
in,15
less,18
due,18
process,27
levin,6
very,5
loyal,4
fiercely,1
patriotic,2
afbf2020,1
critical,1
jack,2
saved,9
perhaps,20
church,5
carrying,1
gun,6
shooter,2
rampage,2
unified,4
lone,1
star,6
speaking,3
proof,2
oh,6
disgrace,13
flawed,1
advice,3
newspaper,2
broke,3
entirely,3
breaking,10
stock,31
other,4
sea,2
built,9
around,16
rare,2
costly,3
foolish,1
environmentally,1
unfriendly,1
anyway,7
ready,14
third,5
proven,3
inaccurately,1
embarrassment,2
purpose,1
belittling,1
clip,1
change,10
drive,4
stocks,2
accident,2
place,20
obviously,2
tax,10
cut,9
stephenmoore,1
surge,1
housing,2
construction,2
16,1
national,17
آمریکا,1
دوست,1
دارند,1
دولتی,1
بر,1
آنها,4
جرم,1
خواهی,1
کند,1
آن,1
که,1
ایران,6
ویرانی,1
باید,2
افکنی,1
کنار,1
noble,2
deserve,3
government,16
interested,2
achieve,1
killing,9
demanding,3
respect,11
leading,6
ruin,2
abandon,1
terror,1
lately,2
nasty,4
suffering,3
careful,3
serious,3
wisdom,5
ted,1
event,10
rigging,1
iowa,1
order,19
sit,1
thereby,1
tigers,1
coach,1
team,9
school,2
mini,5
ads,1
purposely,5
vanity,1
project,2
regulation,3
debater,1
speaker,13
did,3
if,1
possible,16
entertaining,2
joke,7
whole,19
cheap,2
theatrics,1
brought,14
bargaining,1
table,2
achievements,1
goa,1
backwards,1
law,23
permit,1
substitute,2
opposite,2
constitution,8
perfect,22
most,1
nonfiction,1
via,3
incoming,2
tariff,1
hand,17
waste,3
minute,1
taxpayer,2
laura,3
cryin,5
privately,1
unbelievable,3
whenever,1
politics,11
bad,67
relationship,8
position,2
phase,6
agree,18
setting,3
territory,2
steyer,1
running,10
cash,2
coal,1
funny,2
kingdom,4
stated,18
replace,5
adviser,3
general,17
background,1
religion,4
color,1
creed,1
movement,3
believe,27
equality,1
dignity,1
opportunity,1
safety,7
tent,1
god,7
bless,4
lopsided,1
basement,1
apple,6
refuse,3
unlock,1
used,9
drug,16
violent,1
criminal,9
step,7
plate,2
rick,3
outrage,1
protecting,4
unpopular,2
individual,3
mandate,2
booker,1
polling,9
presidential,27
rest,8
easy,6
concerned,4
someday,1
head,3
determine,3
whether,5
terrorist,7
imminent,1
horrible,10
past,10
on,14
denigrate,1
flag,1
trample,1
scorned,2
sander,1
pocahontus,1
warren,4
campaign,15
potential,10
tiny,2
fast,14
feud,1
brewing,1
spending,9
false,14
advertising,1
pre,1
existing,1
fight,20
rid,1
expensive,4
امنیت,1
امروز,1
کرد,1
شدت,1
فشار,1
داده,1
مجبور,1
مذاكره,1
كند,1
واقع,1
برایم,1
نداردکه,1
کنند,1
نه,1
این,2
به,6
خودشان,1
هسته,1
نداشته,1
nuclear,5
kill,6
giving,6
credence,1
based,19
rather,4
outright,1
dismissal,1
otherwise,1
have,5
bernie,2
surging,1
mean,6
tuned,3
kris,1
highly,11
controversial,2
official,3
oversee,1
surveillance,1
investigating,5
complaint,4
facing,2
testimony,10
رهبران,1
معترضان,2
خود,1
نكشيد,1
تن,1
دست,1
يا,1
شده,1
مهمتر,1
از,3
ان,1
گر,2
اينترنت,1
دوباره,2
كنيد,2
خبرنگاران,1
دهيد,1
حركت,1
كشتار,1
بزرگ,1
ايران,1
را,3
stigma,1
attached,1
she,5
proceed,3
mockery,1
importantly,5
extort,1
strength,7
philosophy,1
needs,4
kerry,2
relation,1
reality,2
signatories,1
confront,2
malign,1
overlooked,1
caught,15
essentially,1
funds,1
ridiculously,1
fund,2
fool,3
middle,12
east,14
imprisoned,1
turn,5
roam,1
free,11
stop,17
serenawilliams,1
player,1
greater,7
tennis,1
forget,6
football,1
classic,1
گروه,1
حقوق,1
اجازه,1
حقیقت,1
اعتراضات,2
جریان,1
مردم,2
نظارت,1
گزارش,1
نباید,1
کشتار,1
آمیز,1
یا,1
قطع,1
باشیم,1
جهان,1
نظاره,1
human,7
ground,2
iranian,2
massacre,1
peaceful,2
protesters,1
shutdown,1
رنج,1
دوره,1
جمهوریم,1
با,2
شما,4
ام,1
دولت,1
من,1
ما,1
دنبال,1
می,1
کنیم,1
بخش,1
است,1
brave,6
stood,2
presidency,4
following,5
inspired,1
porous,1
useless,1
ineffective,1
traffic,1
patrol,3
crossing,1
dropping,3
buildingthewall,1
percent,2
unable,7
proved,3
innocence,1
biased,2
absolute,3
worst,18
vast,1
move,10
gone,19
soleimani,2
father,6
roadside,1
bomb,2
director,7
coincidence,1
ruined,2
dirty,11
10pme,1
constantly,3
proving,2
40,2
gained,2
dow,6
may,23
frame,2
added,1
trillion,4
value,1
energy,18
live,5
finally,12
hesitate,1
terrorism,2
ohio,3
year,36
analysis,2
enforcement,9
appreciation,1
doing,16
80,1
cancer,1
recorded,1
fifth,1
circuit,3
reversed,1
decision,6
ahead,2
build,5
desperately,2
four,3
speed,2
harassment,7
persecution,1
launched,1
bases,1
assessment,2
damages,2
meeting,21
oil,9
stability,1
urgency,1
situation,8
angeles,1
san,7
throughout,2
weapon,3
continuation,7
pending,1
mind,5
sending,4
sad,14
serve,2
notification,1
strike,4
target,4
disproportionate,1
manner,2
notice,1
nevertheless,2
equipment,6
base,1
brand,4
hesitation,1
advise,1
boldly,1
assets,1
revenge,3
ridding,1
badly,18
wounded,4
mention,7
lifetime,3
recently,3
become,14
ashame,1
ridiculous,17
lite,1
bedford,1
federalist,1
senior,1
editor,3
discovered,1
dominated,3
ultimately,1
extended,1
period,2
plotting,1
directly,2
indirectly,1
responsible,2
recent,4
large,14
lost,17
negotiation,3
taken,16
small,6
group,5
filthy,2
investigation,7
spied,6
sputtering,1
still,10
ahmari,1
raised,4
shot,4
foot,1
set,12
removal,1
management,4
dive,1
maybe,6
at,6
site,8
lady,5
examiner,2
list,5
growing,3
gotten,7
tried,7
accord,1
account,10
embassy,5
vs,2
out,27
governor,50
golf,3
various,9
surprisingly,1
anti,4
pace,2
rushed,1
rapid,1
response,2
upon,4
request,8
peter,9
organizing,1
coup,8
undo,2
campos,2
defective,2
motion,3
dismiss,2
necessity,1
screaming,2
danger,1
overrated,1
mar,1
updates,2
freedom,8
comprehensive,1
ceremony,2
date,3
begin,2
saint,1
apprehend,1
stopped,2
crazed,3
inside,3
proficient,1
catastrophic,2
contractor,1
wounding,1
orchestrating,1
addition,5
expect,1
notified,1
avoid,2
expose,2
possibly,3
congregation,1
acted,1
fellow,1
carry,1
dishonest,12
coupled,2
hikind,1
eradicate,1
evil,3
scourge,2
wish,5
quick,1
spirit,3
cop,2
scum,3
falling,2
apart,2
investigate,5
hate,9
should,4
control,7
support,32
voice,3
bigger,8
theirs,1
handle,3
easily,5
politely,1
competence,1
funded,2
seem,4
congresswoman,4
kind,9
try,8
wisconsin,2
north,35
prediction,1
what,14
tribal,1
sovereignty,1
cnbc,3
basis,2
william,1
academy,1
award,4
actor,1
role,2
ray,4
donovan,1
midnight,1
cowboy,1
deliverance,1
champ,2
boxing,1
jon,1
repeatedly,1
urgent,2
stall,2
tactics,3
obstruct,1
weakness,1
movie,2
same,1
just,2
guess,3
percentage,1
increase,5
population,3
incompetent,6
usurp,1
longer,13
goes,3
petty,1
karlrove,1
innocent,5
idlib,2
province,2
turkey,25
carnage,2
success,9
difficult,5
bogus,1
leverage,2
nose,1
standing,3
clean,4
rapidly,5
equally,1
newsom,1
sight,3
misdemeanors,4
threat,1
vicious,4
slowly,1
send,7
slight,1
bipartisan,7
tammy,1
involved,10
holiday,2
retail,1
merry,1
187,1
confirmed,5
shattering,1
approve,2
productive,5
light,5
trajectory,1
griff,1
kick,1
seeing,7
doubt,2
forth,1
urgently,1
seeking,2
find,19
ploy,2
obstruction,7
constitutionally,1
morally,1
favorite,6
especially,12
reasonable,3
assume,2
exact,4
handled,3
different,12
speakership,2
once,3
lose,11
delay,3
crying,2
crooked,22
provided,2
jewish,1
commence,1
celebration,3
dictate,1
striped,1
horrendous,1
bill,17
vital,1
ships,1
rockets,1
additionally,1
being,2
franklin,2
mac,5
mactxpress,1
champion,2
career,2
tenacious,1
air,6
legacy,2
include,4
expansion,1
veteran,1
honored,1
widow,1
ensure,2
surviving,1
receive,2
spouses,1
fallen,1
suffered,1
ease,2
burden,1
provide,2
mental,3
health,4
vet,2
suicide,2
prevention,1
outreach,1
prevents,1
initiative,1
legislation,8
private,3
home,11
gang,3
her,9
admits,1
brazil,7
brady,1
outstanding,3
extreme,4
chasing,1
common,1
jeff,8
drew,5
joining,1
colorado,4
graham,4
billy,3
magazine,2
bent,1
guard,5
scale,3
agricultural,5
product,5
formal,2
arranged,1
hong,1
738,1
parental,2
leave,6
raise,7
repeals,1
raises,1
smoking,1
progressive,1
poorly,4
christianity,1
reading,11
routine,2
perpetrating,1
revealed,2
prosperity,1
malpractice,1
friendly,2
spot,2
extend,2
further,1
ben,4
submit,1
oath,1
missing,4
single,4
tell,9
immediate,1
sitting,2
desk,1
passing,1
margin,3
credit,4
labor,2
jesse,1
had,2
five,1
afraid,4
default,2
patriot,7
dealing,4
cast,1
decide,4
about,7
atrocious,1
assault,3
approach,2
egregious,1
conduct,3
possibility,3
ken,3
independent,5
counsel,2
thrown,3
learn,3
innuendo,1
gentleman,1
breath,1
intention,1
proper,1
vague,1
prayer,2
my,2
trivial,1
marcthiessen,1
thoroughly,4
cheated,1
overturned,1
reviews,1
letter,1
wonder,1
includes,2
leadership,11
easier,3
stunning,1
rebuke,1
fisa,6
chastised,1
inspector,3
errors,1
dan,24
supporting,2
everyday,1
businessman,1
takes,2
slash,1
buddy,1
riggleman,1
conservative,3
defends,1
bear,1
denver,1
kay,2
securing,1
bolivia,2
democratic,3
transition,1
denounce,1
violence,2
provoke,1
afar,1
region,2
democracy,4
josh,2
mo,2
impeachable,10
offense,3
charge,2
their,1
quantitative,3
zoom,1
starting,5
drop,1
understanding,2
worry,3
popular,4
tribute,1
heavily,3
replaceable,1
tired,2
debating,2
lucky,6
watched,7
consider,4
partner,11
overtime,3
resistance,4
subject,3
literally,1
finding,1
teeth,1
mouth,3
lying,7
propaganda,1
ending,5
inaccurate,9
weighted,1
pollster,2
bribery,3
articles,2
repmikejohnson,1
admitting,3
red,3
handed,3
unlawful,3
jail,2
favor,6
appointed,1
bias,4
guilt,1
obvious,3
train,2
wreck,1
correcting,1
memo,1
turned,7
completely,9
apologize,7
honesty,2
unlike,1
navy,7
chief,3
trophy,1
young,8
tiger,2
attend,2
army,1
armywp_football,1
commiecast,1
tank,1
dying,2
die,1
how,3
shut,2
debates,2
spoke,7
dingell,3
granting,1
memorial,1
funeral,1
service,3
honors,1
departed,2
husband,2
ripping,1
sat,4
took,13
philadelphia,1
victim,1
was,6
waltz,1
disgraceful,8
treating,1
understand,6
evangelical,1
declares,1
filing,1
disciplinary,1
action,3
misconduct,2
either,13
agreed,3
structural,2
remain,3
remainder,1
leaker,4
fixed,5
rated,3
cable,4
tanked,2
rogue,4
roof,1
swing,3
independents,2
figured,1
unity,3
sheer,2
brilliance,1
lucrative,1
celebrate,1
judiciary,4
jerry,2
pursuing,2
simply,1
pick,3
lied,2
railroad,1
why,6
veronica,1
jackson,1
lee,5
our,3
decided,3
point,12
colbycovmma,1
prefer,1
judge,6
vandyke,1
ninth,2
anger,2
fashioned,1
chill,2
oppose,2
allege,1
pennsylvania,5
smucker,1
pa,1
informed,5
upcoming,2
exclusive,2
orthodox,1
co,86
trtfka8bgj,1
sign,9
broken,7
tool,2
upset,3
share,1
delinquent,1
ruqbk6gnll,1
rebuilding,3
putting,2
depravity,1
sickness,1
establishment,3
mission,1
devotion,2
glorious,1
lavrov,1
inf,1
treaty,2
meddling,1
dialogue,1
near,4
chocolate,1
thoughts,3
tragic,2
assist,4
reference,1
embarrassed,1
committing,1
eventually,1
interfere,3
acknowledge,2
madness,1
quite,1
current,6
attitude,1
instances,1
clearly,3
ride,1
failure,1
fown,1
chain,1
command,2
medicine,1
winner,3
wrecking,1
ball,2
specific,1
statute,1
allegedly,1
gigot,1
haven,7
smocking,1
raising,2
bar,1
impossibly,1
nonstop,1
narrative,3
edhenry,2
pramila,1
wouldn,2
any,1
kangaroo,2
prove,4
kim,2
un,1
hostile,1
void,1
special,7
secret,3
deputy,2
assistant,1
ornato,1
staff,4
tony,2
walsh,1
advanced,1
key,1
early,14
showing,1
tuning,1
petehegseth,3
elect,3
pivoting,1
booth,2
envy,2
collapse,1
wrongfully,1
ones,1
gift,1
returned,5
economically,1
opposed,1
meaning,4
version,6
bank,3
plenty,3
personal,4
cell,2
repeated,1
issued,2
retract,1
substance,3
historically,2
black,1
universities,1
senalexander,1
lance,2
declare,1
statutorily,1
however,2
manuel,2
express,3
sincere,1
shooting,3
pensacola,1
prayers,1
victims,1
horror,1
closed,5
gangs,1
blowout,3
65,1
24,1
composite,1
17,2
article,3
uses,1
anonymous,4
accept,2
actual,4
living,2
or,3
accurately,2
fit,1
seek,2
hats,1
therefore,7
proudly,2
word,7
dowd,2
column,1
although,1
written,10
brother,3
someone,10
hire,1
talented,4
recognized,2
operational,1
domain,1
alliance,2
land,4
belittle,1
deep,9
130,1
per,1
numerous,7
miss,2
kamala,1
protesting,1
instructed,2
organization,2
only,1
failing,10
hatred,2
straight,2
prior,4
landing,2
loosen,1
soar,2
relative,3
reserve,14
jay,7
declined,1
financial,4
nato,6
allies,3
obligations,1
doubled,1
130b,1
weekend,3
myself,3
lover,3
talks,3
crushed,1
insurance,12
loses,1
scrubbed,1
artist,1
depressed,1
illegitimate,2
usual,4
represent,1
rule,2
trouble,1
system,5
sham,3
chaffetz,1
interactions,1
sane,1
outperformed,1
eye,1
fashion,1
el,2
allianz,1
understood,4
certainly,1
punishable,1
announcement,2
targeted,3
presiding,1
devaluation,2
effective,2
steel,3
aluminum,1
shipped,1
clear,4
essential,1
shopping,1
writer,1
historian,1
wead,1
description,2
buy,4
framed,2
mourn,1
reaffirm,1
commitment,2
epidemic,1
review,2
sen,2
experience,2
holding,5
undercutting,1
scheduled,1
johnson,2
oliver,1
thanksgiving,5
courageous,2
warriors,2
jd7ibqbuvu,1
wolves,1
location,10
replaces,1
ft,1
concrete,1
says,5
judd,2
heather,1
losing,5
inquiry,9
board,1
writing,1
meister,1
backfire,3
ingrahamangle,4
nasdaq,3
betsnawsns,1
unprecedented,2
unfairness,2
sam,2
seal,3
gallagher,3
restored,1
rank,1
likewise,4
constituents,1
devinnunes,1
hurting,8
driving,4
ruth,1
reseached,1
incorrect,5
boy,1
stefanik,1
whirlwind,1
unspoken,1
gain,1
camp,7
announce,2
hence,1
authorization,1
act,7
prescription,8
infrastructure,6
water,2
fear,3
xexxl5hyru,1
worse,6
pointless,1
televised,1
plainly,2
goal,1
lid,1
saga,1
henchman,1
concha,1
hill,3
college,1
49,1
reluctant,1
crisis,5
compelled,1
import,1
drugs,1
daily,2
mitch,5
employee,1
accused,4
hello,3
hysteria,1
charade,3
unstable,1
regime,1
cannot,9
within,4
does,1
reach,3
treason,5
conflicting,1
ambiguous,1
been,3
hear,6
avail,1
trident,1
pin,1
unilaterally,1
jurisdiction,1
dreams,1
associated,1
ugly,1
freed,1
hostages,1
arrive,1
bob,5
found,11
checked,1
coverage,5
discussion,1
campus,2
cook,2
technology,1
vision,2
eric,2
attained,1
grand,3
g6lgfyxsus,1
plant,1
asks,1
abrupt,1
mood,1
families,3
captivity,1
front,3
months,3
flee,1
confidence,4
wear,1
takedown,2
hurt,10
destruction,1
fate,1
thinks,1
green,6
competitor,1
suffer,1
kag,5
slams,1
fracturing,1
probe,2
finished,2
cordial,1
discussed,3
negative,6
easing,1
effect,1
petrified,1
knowing,3
boss,3
deface,2
whatsoever,1
turning,6
founders,2
calls,1
ststement,1
mostly,2
krugman,3
concede,1
stevescalise,1
blew,1
obnoxious,2
wallace,3
foxnews,35
8bpq1oy71z,1
soooo,2
yvlbpfsita,2
pam,1
woman,1
owner,2
cubs,1
learned,1
difference,3
recieve,1
round,2
smaller,1
slow,4
rabid,1
dog,2
somewhat,2
pulse,1
born,3
pete,1
bergdahl,1
manning,1
surgery,1
walter,1
reed,1
medical,2
center,8
yearly,1
physical,1
figure,3
needle,1
drag,1
mud,2
lisa,1
triggered,4
son,11
while,1
paramountly,1
kent,1
gee,1
fall,1
depression,1
recession,3
2a,3
below,4
convict,1
clapper,3
ohr,1
nellie,1
himself,4
unfounded,1
juicy,1
actuality,2
unlimited,3
everywhere,2
yovanovitch,1
somalia,1
unfavorably,1
appoint,1
cleaning,2
disgusting,5
slum,1
prystaiko,1
sondland,2
assistance,3
eyes,2
liberal,7
bel,12
geauxvote,2
saugus,1
clarita,1
danhenninger,1
path,5
gravity,1
dispute,2
regular,1
conclude,1
neither,2
witnesses,7
foxbusiness,3
announces,1
impact,6
treasury,3
blank,1
silent,3
normal,1
shame,1
principle,2
road,1
envision,1
stacked,1
deck,1
cross,1
examination,1
priced,1
outside,3
conflict,3
circus,1
town,1
coward,1
congenital,1
liar,1
capital,1
raging,1
psychotic,1
mob,1
rigged,1
travesty,2
arrest,2
53,1
proportion,1
criminals,2
booming,2
3rd,1
led,3
themselves,1
30th,1
11th,1
deadline,1
ally,1
return,1
reverse,1
engineer,1
vowing,1
transparent,1
sometime,2
fabricate,3
sided,4
farce,2
protection,2
salute,1
walk,1
veterans,2
risked,1
duty,2
prosperous,2
dimon,1
restricted,1
ended,4
investigared,1
bevin,2
industry,2
acceptable,2
solution,4
cigarette,1
dilemma,1
tox0vh5bbd,1
plot,5
nunes,1
uncovered,2
scandal,10
levinson,1
positive,5
belief,2
iran,9
enriching,2
uranium,1
nikkihaley,1
copy,2
tour,1
luck,5
trap,1
dividing,1
lowering,3
requested,1
journalistic,3
nonexistent,1
deepstater,1
meadow,1
lsu,1
whatever,5
shouldn,2
recommend,2
backed,1
miraculously,1
relentless,1
bringing,1
nationalism,1
rich,1
apprentice,3
claims,1
announcing,1
magachallenge,1
inviting,1
perform,1
zapotosky,1
carol,1
wrote,8
pure,3
deny,1
garbage,4
explained,2
degenerate,1
conference,3
decline,1
source,3
exist,6
department,5
turnout,1
patriots,4
underway,2
course,5
picked,2
ag,1
host,3
clearing,1
untrue,1
legitimate,2
checkers,2
accurate,2
nowadays,1
write,4
finder,1
governorship,1
uphold,1
profoundly,1
milestone,3
momentous,1
achievement,2
escaped,1
wife,1
sister,2
killer,2
sudan,1
solve,1
renaissance,1
dam,1
currently,4
volker,1
envoy,4
cetra,1
wray,1
foxandfriends,27
mcconnell,4
tate,7
wednesday,1
tie,2
reaction,2
15,3
points,6
daniel,1
ticket,5
msgov,1
club,1
electionday,1
please,14
happening,12
mayor,10
letting,2
onto,1
nypd,1
commissioner,1
wage,1
wipe,1
merely,1
await,1
cartels,1
killed,5
including,14
these,3
amount,3
planned,1
locked,3
slide,2
spicer,1
dancing,2
silence,1
available,2
5th,4
suppose,1
knowledge,2
blowing,2
whistle,2
dealt,1
informant,3
perfectly,4
analyze,1
scholar,1
sky,1
higgins,2
bell,1
transcripts,3
interviewed,2
suit,2
purposes,1
direction,1
virginia,2
elections,1
signal,1
c,6
identity,2
fixers,1
manage,1
forests,1
burning,1
complaints,1
pearsonsharp,1
seldom,2
quality,1
study,3
spies,1
morrison,2
saw,5
oann,4
walking,3
square,1
garden,1
championship,1
arm,1
reveal,3
hell,2
gavinnewsom,1
forest,2
met,4
regardless,2
environmentalists,1
kentucky,5
monday,2
2nd,9
poor,3
electric,1
carr,1
sale,2
cuomo,2
sanctuary,6
nor,1
lewis,1
immersed,1
revisions,1
wave,1
superintendent,1
police,8
chicago,1
privilege,1
push,2
avenue,1
hopefully,3
palm,2
beach,2
permanent,1
residence,1
cherish,1
fail,3
results,2
month,2
disappointed,1
laughing,2
chile,1
unrelated,1
dust,1
indication,1
underlying,2
season,1
series,1
wire,1
cute,2
recreation,1
z0i7wbsgtp,1
headline,1
hero,1
fiatchrysler_na,1
globlautomkrs,1
harming,1
consumers,2
fixing,1
recall,2
afford,1
vacation,1
obsess,1
terrorists,1
pause,2
button,2
precisely,1
program,4
supposedly,5
filibuster,1
trumper,5
listening,7
allowing,2
sandman,1
libel,2
appear,1
retaining,1
casual,1
leads,1
borrow,4
follow,4
varneyco,2
consumer,3
nicely,3
devin,1
nunez,1
abu,2
replacement,1
terminated,1
likely,2
according,1
inappropriate,1
fine,1
monumental,1
raid,1
released,4
americans,4
remove,1
inform,1
picture,2
401,1
k,4
frankly,3
murderer,1
upward,2
terrymoran,1
diwali,1
melania,1
observing,1
festival,1
blessed,3
mississippi,3
keeps,1
unused,2
000,14
2pm,2
largely,3
reform,2
cheating,2
violation,2
sanitary,1
environmental,2
causing,1
owe,1
citizen,1
related,3
dinner,1
wedding,2
anniversary,3
jared,1
agents,1
records,1
reporter,2
flynn,2
setup,1
michael,2
26th,1
zdeoqfpvk1,1
sue,3
bore,3
swipe,1
appreciate,3
condemning,1
keynote,1
address,1
o6mk8orgrc,1
j,2
amp,102
examine,1
compare,1
overthrow,1
zone,3
nearby,1
repeat,1
imposed,2
backup,1
ryan,2
qualify,1
dropout,1
bravado,1
both,5
voters,2
greedy,1
fictitious,1
appreciates,1
detail,1
derelict,1
ideally,1
stimulate,1
kansas,2
benefit,5
auditorium,1
fuel,2
fill,2
hearts,1
pride,1
bellinger,1
diplomat,1
representation,1
regards,1
held,1
combat,2
secured,2
00,7
m,13
flocking,1
compliment,1
signing,1
executive,2
aware,2
ratcliffe,1
kellyanne,1
tim,1
draw,1
guilty,1
faster,2
usmca,4
185,1
lynching,1
battleground,2
voted,3
squarely,1
corner,1
stevedoocy,2
revealing,2
polled,1
note,1
kilmeade,2
justintrudeau,1
served,1
betterment,1
seanhannity,9
heat,1
400,1
salary,1
someplace,1
censure,2
honest,2
author,3
exonerated,1
hits,1
r3chppjx6s,1
barbara,1
dressed,1
hosting,2
profits,1
legally,1
permissible,1
delegation,2
sand,2
missiles,1
mistake,6
minor,2
resettled,1
endless,6
area,4
tulsi,1
gabbard,1
stein,2
asset,2
irrational,1
hostility,1
search,1
miami,4
acres,1
airport,2
withhold,2
server,2
concern,1
lack,1
mick,1
environmentalist,1
suppression,1
kimberley,2
secrecy,1
rice,1
advisor,2
susan,1
miserably,2
fourth,1
beaten,1
mccaul,1
because,1
proceeding,1
invalid,1
unconstitutional,1
grab,1
schiff,54
stick,2
ceasefire,2
thousands,4
perry,1
pursue,2
intended,2
sniper,1
mortar,1
ultimate,1
forcefully,1
condemn,1
message,2
dissent,1
opposition,1
compromise,1
kag2020,8
texas,10
shortly,4
wait,2
civilization,1
proud,3
sticking,1
unconventional,1
secpompeo,1
potentially,3
75,1
95,4
cummings,1
impossible,2
troops,3
walls,1
barack,2
settlement,1
civil,1
72,2
hours,4
slaughter,1
brazen,1
anthony,1
wiener,1
huma,1
victoria,1
babin,1
upstairs,1
plain,1
pray,2
stormed,1
cabinet,1
room,3
unhinged,1
sole,1
guatemala,1
asylum,2
cooperation,1
smuggling,1
accelerate,1
rand,1
paul,2
liberty,2
independence,1
coercion,1
domination,1
fabrication,2
clowns,1
governors,1
runoff,10
witnessed,1
absurd,1
telephone,6
faith,2
yourself,1
stlouisblues,1
virtual,1
rumor,2
resigining,1
momentarily,1
airlines,1
tickets,3
median,2
household,1
income,1
pres,1
mattbevin,1
continues,4
reminds,1
deleted,3
recoverable,1
hearings,1
interviewing,1
each,1
selective,1
obtained,2
undercover,1
highlight,1
sound,2
lawsuit,1
gruesome,1
footage,1
bombing,1
payoff,1
seems,3
remind,1
ring,1
operation,2
speak,4
spoken,1
marklevinshow,5
regarding,3
northeast,1
mile,1
presided,1
enemy,3
chose,1
naturally,1
defeating,1
assad,1
merkel,2
stepping,2
strassel,1
treated,5
appreciative,1
wrap,1
greasy,1
protective,1
scott,1
hapgood,1
island,1
properly,3
justly,1
resolved,1
steveducey,1
ainsleyearhardt,1
isis,7
prisoners,3
harry,2
trashing,2
wake,2
drunk,1
willing,4
republic,5
serial,1
somebody,3
chris,1
congenial,3
escape,1
own,2
seven,1
dirt,1
opponent,7
lots,2
begun,2
signed,5
started,2
risk,1
disappeared,2
looks,6
scammed,1
imposing,1
consensus,1
iraq,2
twice,2
intense,1
asking,2
declaration,2
despicable,1
quicksand,1
count,1
inept,1
eddierispone,3
66,1
thinking,1
0dtxsagkz1,1
legendary,1
buster,1
rudy,1
rough,1
shameful,2
golsteyn,1
decorated,1
beret,1
bombmaker,1
prosecute,2
loud,1
mansion,1
shannonbream,1
kerr,1
grovel,1
pander,1
simple,4
jobs,11
acting,2
homeland,1
kevin,4
sector,2
senjohnkennedy,1
senbillcassidy,1
mix,1
complex,1
louisiana,8
republicans,15
suspect,1
warmer,1
vice,4
premier,3
13,3
soul,2
joint,3
membership,1
stands,1
language,2
applied,1
appreciated,1
consistent,2
sides,1
daddy,1
suck,1
napolitano,1
bribe,1
blackmail,1
militants,1
insult,1
lives,3
upended,1
kiriakou,1
tuckercarlson,1
hardest,1
detriment,1
impeached,4
pretty,2
volume,1
spy,4
choose,2
gives,2
pass,2
alternative,3
frightening,1
2020,9
eight,1
died,1
groups,1
member,2
involvement,1
professional,1
reported,3
icig,1
2017,1
bret,3
jake,1
denied,1
gasoline,1
unsafe,1
mandating,1
trick,1
relief,2
friday,4
john,8
taxes,2
saturday,2
jacob,1
stifle,1
presidents,1
clinton,8
docabraham,1
leaning,1
hasn,1
uniform,1
ban,1
enter,2
steal,2
condition,1
subpoena,2
unfortunately,2
testifying,1
rights,2
abandoned,1
kurds,1
fighters,1
trading,2
conveniently,1
fighter,1
jet,1
dump,1
crimes,1
dershowitz,1
heytammybruce,1
stevehiltonx,2
nextrevfnc,1
reiterate,1
unmatched,1
obliterate,1
europe,2
policing,1
unhappy,1
prosecutors,1
heritage,1
foundation,2
blockbusters,1
incomes,1
bush,1
bench,3
net,2
neutrality,1
rules,2
internet,1
pai,1
syria,1
30,1
stayed,1
deeper,1
battle,2
aim,1
rampant,1
defeated,1
100,7
form,1
knowingly,3
ruthless,1
forgot,1
tune,1
28,1
paid,6
farmer,1
currency,5
baker,4
starr,1
meltdown,1
bright,2
answers,1
minnesota,4
october,3
woodward,2
ess,1
guest,1
as,2
cool,1
calm,3
thursday,2
enthusiasm,1
beyond,2
bold,1
q6lzfftlyx,1
inexcusable,1
pull,1
mitt,6
types,1
lousy,1
f84wz5lves,1
negligent,1
v,2
p,3
engaged,2
behavior,2
minimum,1
schweizer,2
delete,1
acid,2
wash,1
emails,2
flake,1
utah,1
pompous,2
playing,1
impeachmittromney,1
greggjarrett,3
ass,1
r,1
sadly,3
surprise,3
andrewcmccarthy,1
duped,1
pranksters,1
disclosed,1
contact,1
panel,1
blatantly,1
ex,1
concerns,1
enraged,1
reps,1
00pm,1
trish_regan,1
connection,1
whistleblower,21
facts,6
committed,1
unsubstantiated,2
blown,2
hole,3
dagger,2
fairytale,2
officially,1
nominated,2
entry,1
visa,2
waiver,2
grant,1
polish,1
tourism,1
travel,2
declared,1
hurricane,15
unlocked,1
recover,2
n,1
advantage,3
lowest,3
providing,2
rollins,1
20,2
definitely,1
controlled,1
intelligence,3
obligation,1
requesting,1
pelosi,7
gma,1
schiffty,1
words,7
gstephanopoulos,1
nullify,1
isn,5
simultaneously,1
makes,3
wack,1
suggesting,1
repleezeldin,1
greatest,10
improving,1
seniors,1
latest,1
dramatically,2
improve,1
american,15
projecting,1
acts,1
lawless,1
attempt,1
duly,2
breitbartnews,1
haul,1
backfiring,1
becoming,1
gators,1
moat,2
minds,1
resign,4
controversy,1
firm,1
mariabartiromo,3
photograph,1
blower,1
focused,3
overwhelmingly,2
306,1
adam,14
brains,2
lowlife,1
demean,4
class,1
west,4
incapable,2
camouflage,1
stuck,2
stuffed,1
snakes,1
fence,1
sharp,1
jeanne,1
zaino,1
donothingdems,1
impeaching,3
mine,2
specifications,1
structure,1
california,3
hoopla,1
covered,2
stake,1
conclusion,1
12th,1
rispone,1
ralph,1
against,1
manufacturers,5
negatively,1
affected,1
aren,1
congratulatory,1
performance,1
inauguration,4
spectacular,1
euphoria,1
autism,2
cares,1
research,1
forgotten,2
misled,1
sake,1
fabricated,2
thin,1
blazetv,1
collaboration,1
successor,1
kia,1
4,1
venture,1
develop,1
autonomous,1
announced,4
means,1
austin,1
congratulations,14
navistar,1
truck,1
factory,1
trucks,1
mornings,1
others,14
european,3
puts,1
bidens,1
votes,1
submittal,1
after,2
waking,1
plans,1
dominant,1
superpower,1
century,2
aloud,1
turmoil,1
rational,1
donald,6
rudygiuliani,1
couldn,3
increasingly,1
stepped,1
hillary,3
33,2
washed,1
yoga,1
s,76
founding,1
extremely,2
accuser,3
wishing,1
rosh,1
israel,2
https,25
type,2
districts,1
dare,1
namely,1
reduction,2
odds,1
practically,1
dramatic,1
created,2
45,1
imagine,2
nadler,2
aoc,2
nothings,1
voter,1
draining,1
considered,1
sounding,1
feeding,1
operative,1
democrats,29
investigated,1
loving,2
married,1
hater,1
allowed,3
leakers,1
liddle,2
hyphen,1
ty8as4sygy,1
ck4zwu3f2n,1
pm,1
biden,9
arming,1
gets,4
bills,1
rebuild,1
unsuccessfully,1
credible,2
fantasy,1
misdemeanor,1
extortion,1
markets,1
wasn,3
siege,1
mccarthy,3
insist,1
hunter,3
donated,1
freebeacon,1
specifically,1
explicit,1
brown,1
bretbaier,1
investigations,1
ukrainian,3
healthcare,4
frozen,1
loudobbs,7
scrambling,1
theme,1
2016,4
bizarre,1
ignoring,1
ofmzimwpv1,1
recieved,1
permission,1
waters,1
representing,3
authorized,2
declassified,1
unredacted,1
zelensky,1
ukraine,7
girl,1
bombshell,1
firsthand,1
years,18
accusing,1
didn,7
double,1
pressured,1
called,4
usa,13
loves,3
hez2mnsbuw,1
worth,3
community,1
mediabuzzfnc,1
influence,4
fortune,2
nytimes,2
irresponsible,1
paper,2
touched,1
nbcnews,1
tape,1
protected,1
suggests,1
intel,1
pretend,1
malicious,1
seditious,1
classified,2
ytf18g7ml2,1
experienced,1
demented,1
partnership,1
bust,1
gratitude,1
flotus,1
exquisite,1
celebrated,1
devoted,1
friendship,1
between,1
nations,1
uncommon,1
unfailing,1
unyielding,1
character,1
paloma,1
duffy,1
headed,1
batting,1
21,1
solid,1
shocking,1
dropped,2
devastated,2
asia,1
renewed,1
bargain,1
facebook,1
oval,1
50,3
virtually,3
polls,2
sooo,1
etc,1
communicator,1
hbdusaf,1
substantially,3
safer,1
production,1
pleased,2
brien,1
serving,3
hostage,1
williams,1
dummy,1
convinced,1
maga,1
brett,4
desperate,1
opening,1
lewandowski,1
corey,1
clewandowski_,1
storied,1
threatening,1
poisoning,1
profound,1
eternal,1
grace,1
almighty,1
bound,1
resignation,1
smear,1
grey,1
virtue,1
throw,1
women,2
afternoon,1
whitehouse,3
civilian,1
medal,2
baseball,1
legend,1
marianorivera,2
short,2
pitcher,1
robert,1
failed,5
enrich,1
billions,6
sununu,1
billhemmer,1
questions,1
drone,1
saudi,3
arabia,3
doesn,7
incident,1
played,2
reports,1
assaulted,1
producer,2
shrank,1
monetary,1
stimulus,2
exporter,1
gas,3
confirming,1
appointment,2
pledges,1
connell,1
remake,3
lets,2
respirator,1
whimpering,1
conditions,1
workers,3
supply,2
culprit,1
depending,1
verification,1
cause,1
strategic,1
petroleum,1
determined,1
parker,1
wondering,1
pointing,1
clash,1
ideology,1
resuscitation,1
familiar,1
suing,2
rescue,1
recrimination,1
repmarkmeadows,1
kavanaugh,1
loudly,1
horribly,1
scare,1
dems,5
soldier,1
mutual,2
anchor,2
joy,1
ann,1
factor,1
losers,2
stable,1
genius,1
vaping,2
tuesday,1
bishop,14
murphy,8
hispanics,1
vets,5
venezuela,1
stronger,2
gopleader,1
central,1
succeeding,1
euro,2
elsewhere,2
obrador,1
respective,1
countries,7
70th,1
pledge,1
treasure,1
uplift,1
worthy,1
pentagon,1
lamestream,3
hypothetical,1
refinance,1
balance,1
sheet,1
originally,4
joesquawk,1
37,1
03,2
diminish,1
scope,1
alicetweet,1
network,1
cnn,6
09,1
strategy,1
studio,1
endorse,1
parson,2
knows,3
marthamaccallum,1
perspective,1
disagreed,1
internal,1
protested,1
12,1
washington,11
coast,6
nc03,1
update,1
cherry,2
departing,1
fayetteville,1
heroes,1
meant,1
soldiers,1
finest,2
ten,1
overruled,1
achieved,1
existence,1
vp,1
pence,1
overnight,2
resorts,1
ireland,1
lived,1
plane,1
resort,1
taste,1
msnbc,2
93,1
activist,1
investor,1
committees,1
problems,1
marksanford,1
appalachian,2
trail,2
flaming,1
dancer,1
asked,2
judgejeanine,3
pirro,2
having,1
selling,1
lyin,1
unbeknownst,1
leaders,3
separately,1
afghanistan,1
secretly,1
sunday,2
flunky,1
lovingly,1
forecast,1
storm,5
swapped,1
numbers,4
ashleyrparker,1
reporters,1
grounds,1
summer,2
congratulate,1
senatemajldr,1
160th,1
appellate,1
minnis,1
gracious,1
meantime,1
sits,1
promises,1
sections,1
eating,1
pouring,1
farmers,3
uncertainty,1
larry,1
seller,2
america,12
rates,2
dose,1
document,1
obama,2
feel,1
assured,1
institute,1
christopher,1
hajec,1
st,1
lawful,2
recision,1
daca,2
lawfulness,1
odd,1
weakening,1
joblessness,1
surprised,1
statistical,1
sarah,1
senrickscott,1
brilliantly,1
uscg,1
kemp,1
georgia,6
henry,1
cooper,1
ominously,1
greenblatt,1
actress,1
messing,1
hot,1
wants,3
racist,3
illness,1
predicted,2
reached,1
bahamas,3
gulf,1
rad,1
apparatus,1
height,1
undisputed,1
florida,5
alabama,3
greg,3
september,2
ignore,1
climate,1
adept,1
dollars,4
declassify,1
spying,1
rationalization,1
inexplicably,1
agency,1
tillis,1
emergency,1
unpredictable,1
sadiq,1
khan,1
inexpensive,1
fly,1
kahn,1
loaning,1
geniuses,1
eu,2
treat,1
practice,1
600,1
companies,2
ethanol,2
mills,1
celebrating,1
seemingly,1
counter,1
intuitive,1
tone,1
abcworldnews,1
suggested,1
sources,1
squad,2
attacks,1
pushed,1
wages,1
dwindling,1
friends,1
cio,1
trumka,1
likes,1
cameras,1
followed,1
columnist,1
retrain,1
tariffs,4
encourage,1
stance,1
merit,1
legislative,1
lou,1
category,2
mph,1
handling,1
tragedy,1
gregabbott_tx,1
5,1
lineup,1
profusely,1
changed,1
cops,1
rebuked,1
insubordinate,1
goodness,1
economist,1
discount,1
importers,1
chinese,1
shootings,1
fbi,2
vindication,1
firing,1
jim,1
ethics,1
riley,1
keeping,1
condolences,1
rocket,2
launch,4
guys,1
brennan,1
wanting,2
memory,1
ratings,1
predict,1
comey,12
confidentiality,2
agreements,1
foul,1
mouthed,1
break,1
westerhout,1
enforceable,1
tiffany,1
leaked,1
attorneys,1
espionage,1
spreading,1
byronyork,1
cory,1
respected,2
joni,1
receiving,1
frequent,1
heed,1
prepare,1
nws,1
readygov,1
theft,1
641,1
code,1
documents,1
david,1
10th,1
ig,2
scathing,1
systematic,1
attempted,1
safir,1
wishes,1
smartly,1
export,1
manufacturing,1
sounds,1
dean,1
wright,1
officer,1
dem,1
task,1
kneecap,1
fs,1
shows,2
barr,1
strongest,1
tens,1
stripped,1
stolen,1
liked,1
saving,1
disgraced,1
excoriated,1
james,1
ashamed,1
package,1
upside,1
reporting,2
o,2
lawrence,1
previously,1
prepared,2
route,1
dishonesty,1
aids,1
vitally,1
kirsten,1
glad,1
lobbyist,1
states,1
aides,1
pardon,1
disparage,1
politicians,1
approved,2
anyplace,1
competition,1
giddy,1
germany,2
outlet,1
anymore,1
promoting,1
dnc,1
communications,1
spewing,1
wanted,3
corbyn,1
labour,1
boris,2
a,1
u,2
tropical,1
dorian,1
heads,1
rico,3
fema,1
infestation,1
journalist,1
twitter,1
bedbug,1
remaining,1
94,1
mr,2
embarrass,1
pocahontas,1
sizes,1
zogby,1
recognizable,1
weeks,1
radicals,1
struggle,1
puerto,2
92,1
bedbugs,1
doral,2
consideration,1
7,4
spread,1
conte,1
italy,1
powerfully,1
jairbolsonaro,1
amazon,1
fires,1
france,6
g,2
perpetuate,1
shore,2
happened,1
g7biarritz,1
wrapped,1
india,1
chancellor,1
g7summit,2
biarritz,2
representatives,1
axios,1
hurricanes,1
reaching,1
du,1
lovers,1
steve,2
hilton,2
statements,1
lies,1
posting,1
segment,1
things,1
tweet,1
gains,1
events,1
conversations,1
